[{"pk": 3, "model": "periodicals.author", "fields": {"website": "", "first_name": "Brenna", "last_name": "Fender", "middle_name": "", "title": "", "modified": "2009-11-27T10:33:54Z", "slug": "fender-brenna", "blog": "", "alt_website": "", "postnomial": "", "email": "brennafender@gmail.com"}}, {"pk": 4, "model": "periodicals.author", "fields": {"website": "http://oncourseagility.com/", "first_name": "Karen", "last_name": "Holik", "middle_name": "", "title": "", "modified": "2009-11-27T10:33:54Z", "slug": "holik-karen", "blog": "", "alt_website": "http://googility.com/site/view/1486/", "postnomial": "", "email": ""}}, {"pk": 5, "model": "periodicals.author", "fields": {"website": "http://www.kineticdog.com/", "first_name": "Mary", "last_name": "Barry", "middle_name": "Ellen", "title": "", "modified": "2009-11-27T10:33:54Z", "slug": "barry-mary-ellen", "blog": "", "alt_website": "http://googility.com/site/view/619/", "postnomial": "", "email": ""}}, {"pk": 6, "model": "periodicals.author", "fields": {"website": "", "first_name": "Julie", "last_name": "Roos", "middle_name": "A.", "title": "", "modified": "2009-11-27T10:33:54Z", "slug": "roos-julie-a-dvm", "blog": "", "alt_website": "", "postnomial": "DVM", "email": ""}}, {"pk": 7, "model": "periodicals.author", "fields": {"website": "", "first_name": "Debbie", "last_name": "Gross Saunders", "middle_name": "", "title": "", "modified": "2009-11-27T10:33:54Z", "slug": "gross-saunders-debbie-mspt-ocs-ccrp", "blog": "", "alt_website": "", "postnomial": "MSPT, OCS, CCRP", "email": ""}}, {"pk": 9, "model": "periodicals.author", "fields": {"website": "", "first_name": "Debbie", "last_name": "Sacerich", "middle_name": "", "title": "", "modified": "2009-11-27T10:33:54Z", "slug": "sacerich-debbie", "blog": "", "alt_website": "", "postnomial": "", "email": ""}}, {"pk": 13, "model": "periodicals.author", "fields": {"website": "http://www.flashpaws.com/", "first_name": "Jane", "last_name": "Simmons-Moake", "middle_name": "", "title": "", "modified": "2009-11-27T10:33:54Z", "slug": "simmons-moake-jane", "blog": "", "alt_website": "http://googility.com/site/view/578/", "postnomial": "", "email": ""}}, {"pk": 32, "model": "periodicals.author", "fields": {"website": "http://www.powerpawsagility.com/", "first_name": "Nancy", "last_name": "Gyes", "middle_name": "", "title": "", "modified": "2009-11-27T10:33:54Z", "slug": "gyes-nancy", "blog": "http://nancygyes.wordpress.com/", "alt_website": "http://googility.com/site/view/640/", "postnomial": "", "email": ""}}, {"pk": 34, "model": "periodicals.author", "fields": {"website": "http://www.thedogschool.biz/", "first_name": "Lisa", "last_name": "Barrett", "middle_name": "", "title": "", "modified": "2009-11-27T10:33:54Z", "slug": "barrett-lisa", "blog": "", "alt_website": "", "postnomial": "", "email": ""}}, {"pk": 35, "model": "periodicals.author", "fields": {"website": "", "first_name": "Susan", "last_name": "Salo", "middle_name": "", "title": "", "modified": "2009-11-27T10:33:54Z", "slug": "salo-susan", "blog": "", "alt_website": "", "postnomial": "", "email": ""}}, {"pk": 37, "model": "periodicals.author", "fields": {"website": "", "first_name": "Tracy", "last_name": "Sklenar", "middle_name": "", "title": "", "modified": "2009-11-27T10:33:54Z", "slug": "sklenar-tracy", "blog": "", "alt_website": "", "postnomial": "", "email": ""}}, {"pk": 41, "model": "periodicals.author", "fields": {"website": "http://www.pawsonthewind.com/", "first_name": "Ann", "last_name": "Croft", "middle_name": "", "title": "", "modified": "2009-11-27T10:33:54Z", "slug": "croft-ann", "blog": "", "alt_website": "http://googility.com/site/view/46/", "postnomial": "", "email": ""}}, {"pk": 46, "model": "periodicals.author", "fields": {"website": "http://www.gtagility.com/", "first_name": "Greg", "last_name": "Derrett", "middle_name": "", "title": "", "modified": "2009-11-27T10:33:54Z", "slug": "derrett-greg", "blog": "", "alt_website": "", "postnomial": "", "email": ""}}, {"pk": 48, "model": "periodicals.author", "fields": {"website": "http://www.madcapbullterriers.com/", "first_name": "Jane", "last_name": "Killion", "middle_name": "", "title": "", "modified": "2009-11-27T10:33:54Z", "slug": "killion-jane", "blog": "", "alt_website": "", "postnomial": "", "email": "jankillion@yahoo.com"}}, {"pk": 49, "model": "periodicals.author", "fields": {"website": "", "first_name": "Sharon", "last_name": "Freilich", "middle_name": "", "title": "", "modified": "2009-11-27T10:33:54Z", "slug": "freilich-sharon", "blog": "", "alt_website": "", "postnomial": "", "email": ""}}, {"pk": 53, "model": "periodicals.author", "fields": {"website": "", "first_name": "Francoise", "last_name": "Joiris", "middle_name": "\"Sassie\"", "title": "", "modified": "2009-11-27T10:33:54Z", "slug": "joiris-francoise-sassie", "blog": "", "alt_website": "", "postnomial": "", "email": ""}}, {"pk": 65, "model": "periodicals.author", "fields": {"website": "", "first_name": "Rachel", "last_name": "Sanders", "middle_name": "", "title": "", "modified": "2009-11-27T10:33:54Z", "slug": "sanders-rachel", "blog": "", "alt_website": "", "postnomial": "", "email": ""}}, {"pk": 76, "model": "periodicals.author", "fields": {"website": "", "first_name": "Lynn", "last_name": "Baitinger", "middle_name": "", "title": "", "modified": "2009-11-27T10:33:54Z", "slug": "baitinger-lynn", "blog": "", "alt_website": "", "postnomial": "", "email": ""}}, {"pk": 90, "model": "periodicals.author", "fields": {"website": "", "first_name": "Kristy", "last_name": "Netzer", "middle_name": "", "title": "", "modified": "2009-11-27T10:33:54Z", "slug": "netzer-kristy", "blog": "", "alt_website": "", "postnomial": "", "email": ""}}, {"pk": 128, "model": "periodicals.author", "fields": {"website": "", "first_name": "Stuart", "last_name": "Mah", "middle_name": "", "title": "", "modified": "2009-11-27T10:33:54Z", "slug": "mah-stuart", "blog": "", "alt_website": "", "postnomial": "", "email": ""}}, {"pk": 147, "model": "periodicals.author", "fields": {"website": "", "first_name": "Marquand", "last_name": "Cheek", "middle_name": "", "title": "", "modified": "2009-11-27T10:33:54Z", "slug": "cheek-marquand", "blog": "", "alt_website": "", "postnomial": "", "email": ""}}, {"pk": 192, "model": "periodicals.author", "fields": {"website": "", "first_name": "Paige", "last_name": "Port", "middle_name": "", "title": "", "modified": "2009-11-27T10:33:54Z", "slug": "port-paige", "blog": "", "alt_website": "", "postnomial": "", "email": ""}}, {"pk": 238, "model": "periodicals.author", "fields": {"website": "", "first_name": "Sandy", "last_name": "Rogers", "middle_name": "", "title": "", "modified": "2009-11-27T10:33:54Z", "slug": "rogers-sandy", "blog": "", "alt_website": "", "postnomial": "", "email": ""}}, {"pk": 459, "model": "periodicals.author", "fields": {"website": "http://www.vetsportsmedicine.com/about/PeterLotsikas.html", "first_name": "Peter", "last_name": "Lotsikas", "middle_name": "J.", "title": "", "modified": "2010-03-18T19:01:11Z", "slug": "lotsikas-peter-j-dvm-diplomate-acvs", "blog": "", "alt_website": "", "postnomial": "DVM, Diplomate ACVS", "email": ""}}, {"pk": 460, "model": "periodicals.author", "fields": {"website": "", "first_name": "Annie", "last_name": "Pyle", "middle_name": "", "title": "", "modified": "2010-03-18T19:05:39Z", "slug": "pyle-annie", "blog": "", "alt_website": "", "postnomial": "", "email": "anniepyle@yahoo.com"}}, {"pk": 465, "model": "periodicals.author", "fields": {"website": "http://agilityflix.net/", "first_name": "Andrea", "last_name": "Dexter", "middle_name": "", "title": "", "modified": "2010-06-06T16:56:27Z", "slug": "dexter-andrea", "blog": "", "alt_website": "", "postnomial": "", "email": ""}}, {"pk": 471, "model": "periodicals.author", "fields": {"website": "http://www.vosm.com/", "first_name": "Faith", "last_name": "Lotsikas", "middle_name": "M", "title": "", "modified": "2010-06-14T20:58:49Z", "slug": "lotsikas-faith-m-dvm-ccrt", "blog": "", "alt_website": "", "postnomial": "DVM, CCRT", "email": ""}}, {"pk": 477, "model": "periodicals.author", "fields": {"website": "", "first_name": "Dara", "last_name": "Tarolli", "middle_name": "", "title": "", "modified": "2011-03-29T07:41:29Z", "slug": "tarolli-dara", "blog": "", "alt_website": "", "postnomial": "", "email": ""}}, {"pk": 482, "model": "periodicals.author", "fields": {"website": "", "first_name": "Susan", "last_name": "Klavon", "middle_name": "", "title": "", "modified": "2011-11-06T20:30:49Z", "slug": "klavon-susan", "blog": "", "alt_website": "", "postnomial": "", "email": ""}}, {"pk": 485, "model": "periodicals.author", "fields": {"website": "http://www.daisypeel.com/", "first_name": "Daisy", "last_name": "Peel", "middle_name": "", "title": "", "modified": "2011-12-16T16:59:07Z", "slug": "peel-daisy", "blog": "", "alt_website": "", "postnomial": "", "email": ""}}, {"pk": 487, "model": "periodicals.author", "fields": {"website": "", "first_name": "Jamie", "last_name": "McKay", "middle_name": "", "title": "", "modified": "2011-12-16T17:24:59Z", "slug": "mckay-jamie-cpdt-ka", "blog": "", "alt_website": "", "postnomial": "CPDT KA", "email": ""}}, {"pk": 491, "model": "periodicals.author", "fields": {"website": "", "first_name": "Lisa", "last_name": "Fair", "middle_name": "M.", "title": "", "modified": "2012-04-21T08:35:22Z", "slug": "fair-lisa-m-cmt-ccrt", "blog": "", "alt_website": "", "postnomial": "CMT, CCRT", "email": ""}}, {"pk": 492, "model": "periodicals.author", "fields": {"website": "", "first_name": "Julie", "last_name": "Lawler-Hoyle", "middle_name": "", "title": "", "modified": "2012-04-22T11:56:52Z", "slug": "lawler-hoyle-julie", "blog": "", "alt_website": "", "postnomial": "", "email": ""}}, {"pk": 493, "model": "periodicals.author", "fields": {"website": "http://www.positivedogs.com/", "first_name": "Pamela", "last_name": "Dennison", "middle_name": "", "title": "", "modified": "2012-04-22T16:34:30Z", "slug": "dennison-pamela", "blog": "", "alt_website": "", "postnomial": "", "email": ""}}, {"pk": 494, "model": "periodicals.author", "fields": {"website": "", "first_name": "Pamela", "last_name": "Dennison", "middle_name": "S", "title": "", "modified": "2012-08-27T17:32:46Z", "slug": "dennison-pamela-s", "blog": "", "alt_website": "", "postnomial": "", "email": ""}}, {"pk": 495, "model": "periodicals.author", "fields": {"website": "", "first_name": "Felix", "last_name": "Duerr", "middle_name": "", "title": "", "modified": "2012-08-27T18:00:58Z", "slug": "duerr-felix", "blog": "", "alt_website": "", "postnomial": "", "email": ""}}, {"pk": 496, "model": "periodicals.author", "fields": {"website": "", "first_name": "Kathy", "last_name": "Miller", "middle_name": "", "title": "", "modified": "2012-09-01T12:13:42Z", "slug": "miller-kathy", "blog": "", "alt_website": "", "postnomial": "", "email": ""}}, {"pk": 497, "model": "periodicals.author", "fields": {"website": "", "first_name": "Debbie", "last_name": "Brooks", "middle_name": "", "title": "", "modified": "2012-09-01T15:49:43Z", "slug": "brooks-debbie-dvm", "blog": "", "alt_website": "", "postnomial": "DVM", "email": ""}}, {"pk": 498, "model": "periodicals.author", "fields": {"website": "", "first_name": "Carolyn", "last_name": "Canizaro-Orlowsky", "middle_name": "", "title": "", "modified": "2012-09-01T15:55:02Z", "slug": "canizaro-orlowsky-carolyn-dvm", "blog": "", "alt_website": "", "postnomial": "DVM", "email": ""}}, {"pk": 499, "model": "periodicals.author", "fields": {"website": "", "first_name": "Diane", "last_name": "Weisbrodt", "middle_name": "", "title": "", "modified": "2012-09-01T15:57:51Z", "slug": "weisbrodt-diane", "blog": "", "alt_website": "", "postnomial": "", "email": ""}}, {"pk": 500, "model": "periodicals.author", "fields": {"website": "", "first_name": "Lowell", "last_name": "Schmorrow-Zuckerman", "middle_name": "", "title": "", "modified": "2012-09-01T16:20:04Z", "slug": "schmorrow-zuckerman-lowell", "blog": "", "alt_website": "", "postnomial": "", "email": ""}}, {"pk": 1, "model": "periodicals.periodical", "fields": {"website": "http://cleanrun.com/", "publisher": "Clean Run Productions, LLC.", "name": "Clean Run", "city": "South Hadley", "country": "United States of America", "zipcode": "01075-9902", "slug": "cleanrun", "blog": "", "phone": "", "state": "MA", "address_1": "17 Industrial Dr.", "address_2": "", "logo": "cleanrun/logo", "email": "info@cleanrun.com"}}, {"pk": 166, "model": "periodicals.issue", "fields": {"read_online": "", "description": "A few of the features: Mary Ellen Barry presents a start-to-finish training plan for teaching your dog to perform the broad/long jump completely independently, Tracy Sklenar suggests methods for integrating 2x2 weave pole training into agility classes, Dara Tarolli explains the importance of secondary reinforcement in agility training, Pamela Dennison explains what obedience foundation behaviors are necessary for reactive or aggressive dogs attending agility classes and trials, Sandy Rogers looks at verbal turn cues in the second of a two-part article, Kristy Netzer shows us how to handle gambles that contain a lateral distance challenge, Nancy Gyes shares exercises for practicing straight-ahead sends, a group of vets provides an update on Canine Cruciate Disease, and much more! 84 pages.", "title": "", "issue": 11, "created": "2012-04-21T16:26:38Z", "modified": "2012-04-22T16:20:05Z", "volume": 16, "digital_cover": "cleanrun/issues/2010-Nov-digital__", "periodical": 1, "buy_print": "http://www.cleanrun.com/index.cfm?fuseaction=product.display&Product_ID=2622&ParentCat=565&aff=80964", "buy_digital": "http://www.cleanrun.com/index.cfm?fuseaction=product.display&Product_ID=2623&ParentCat=566&aff=80964", "printed_cover": "cleanrun/issues/2010-Nov-print__", "pub_date": "2010-11-01", "slug": "16-11"}}, {"pk": 167, "model": "periodicals.issue", "fields": {"read_online": "", "description": "A few of the features: Mary Ellen Barry shares exercises for maintaining your dog's weave pole entry skills, Tracy Sklenar helps instructors develop training plans for their students, Kathy Miller shares how she applied Sally Swift's Centered Riding techniques to agility in order to improve her mental game, Susan Klavon explains how to use an agility journal to get the most from every run, Pamela Dennison demonstrates how to teach the foundation behaviors needed by the reactive dog, Kristy Netzer shows us how to handle gambles that contain a redirect challenge, Brenna Fender talks to spouses who do agility togeter, a vet discusses treatments and preventative measures for hip dysplasia in puppies, three handlers (Greg Derrett, Rachel Sanders, and Jane Simmons-Moake) evaluate an agility course, and much more! 84 pages.", "title": "", "issue": 12, "created": "2012-04-22T19:12:56Z", "modified": "2012-04-22T19:14:24Z", "volume": 16, "digital_cover": "cleanrun/issues/2010-Dec-digital", "periodical": 1, "buy_print": "http://www.cleanrun.com/index.cfm?fuseaction=product.display&Product_ID=2691&ParentCat=565&aff=80964", "buy_digital": "http://www.cleanrun.com/index.cfm?fuseaction=product.display&Product_ID=2692&ParentCat=566&aff=80964", "printed_cover": "cleanrun/issues/2010-Dec-print", "pub_date": "2010-12-01", "slug": "16-12"}}, {"pk": 168, "model": "periodicals.issue", "fields": {"read_online": "", "description": "A few of the features: Daisy Peel discusses how to evaluate the training articles in Clean Run as well as all the books and DVDs on agility training so that you can decide which information is relevant to your team, Sassie Joiris shares her formula for achieving focus, drive, and desire in any dog, Dr. Julie Roos examines the medical issues surrounding early spay and neuter procedures, Tracy Sklenar provides tips to instructors for getting your point across to your students, Brenna Fender introduces us to the leaders of the different agility organizations in the first of a two-part article, Jamie McKay begins a new series aimed at the novice agility competitor, Andrea Dexter shares tips for training and planning strategies for the NADAC Chances class, Stuart Mah begins a new series of training drills, Pamela Dennison continues her series on dealing with aggressive and reactive dogs, Jane Killion helps you teach your dog to love the teeter, Sandy Rogers finishes her series on turn cues by demonstrating how you can combine the cues, Nancy Gyes puts up drills based on courses from the 2010 FCI Agility World Championships, and much more! 84 pages.", "title": "", "issue": 1, "created": "2012-08-27T09:41:30Z", "modified": "2012-08-27T09:44:35Z", "volume": 17, "digital_cover": "cleanrun/issues/2011-Jan-digital", "periodical": 1, "buy_print": "http://www.cleanrun.com/index.cfm?fuseaction=product.display&Product_ID=2719&ParentCat=660&aff=80964", "buy_digital": "http://www.cleanrun.com/index.cfm?fuseaction=product.display&product_ID=2720&ParentCat=659&aff=80964", "printed_cover": "cleanrun/issues/2011-Jan-print", "pub_date": "2011-01-01", "slug": "17-1"}}, {"pk": 169, "model": "periodicals.issue", "fields": {"read_online": "", "description": "Susan Salo shares exercises for managing dogs that take off early for jumps, Dr. Debbie Gross Saunders explains how overtraining affects us and our dogs, Pamela Dennison demonstrates how to set up desensitization sessions for aggressive or reactive dogs, Daisy Peel shares ideas for achieving balance in our agility training, Brenna Fender introduces us to the leaders of the different agility organizations in the second of a two-part article, Jamie McKay explains how to find and enter agility trials, Andrea Dexter shares tips for training and handling tunnels as well as planning strategies for the NADAC Tunnelers class, Stuart Mah sets up exercises that require handlers and dogs to rapidly shift from obstacle focus to handler focus multiple times, Annie Pyle challenges us with drills that test weave pole entries and exits, Tracy Sklenar describes classroom games that can help get students more involved in class, Tinna Brown provides tips for running a great trial, and much more! 84 pages.", "title": "", "issue": 2, "created": "2012-09-01T15:13:12Z", "modified": "2012-09-01T15:13:12Z", "volume": 17, "digital_cover": "cleanrun/issues/2011-Feb-digital", "periodical": 1, "buy_print": "http://www.cleanrun.com/index.cfm?fuseaction=category.display&category_ID=372&aff=80964", "buy_digital": "http://www.cleanrun.com/index.cfm?fuseaction=product.display&Product_ID=2754&ParentCat=659&aff=80964", "printed_cover": "cleanrun/issues/2011-Feb-print", "pub_date": "2011-02-01", "slug": "17-2"}}, {"pk": 3487, "model": "periodicals.article", "fields": {"read_online": "", "slug": "we-just-do-this-for-fun", "description": "", "tags": "editorials", "series": "Editorializing", "image": "", "title": "We Just Do This for Fun", "modified": "2012-04-22T11:57:06Z", "created": "2012-04-22T11:57:06Z", "authors": [492], "buy_print": "", "buy_digital": "", "issue": 166, "page": 5}}, {"pk": 3488, "model": "periodicals.article", "fields": {"read_online": "", "slug": "lapel-pins-display", "description": "", "tags": "awards", "series": "Tip of the Month", "image": "", "title": "Lapel pins display", "modified": "2012-04-22T11:58:52Z", "created": "2012-04-22T11:58:52Z", "authors": [192], "buy_print": "", "buy_digital": "", "issue": 166, "page": 6}}, {"pk": 3489, "model": "periodicals.article", "fields": {"read_online": "", "slug": "explanation-of-usdaa-rule-changes", "description": "Weave pole spacing, displaceable tire, veterans program, performance program changes.", "tags": "USDAA", "series": "Everything You Always Wanted to Know About Dog Agility", "image": "", "title": "Explanation of USDAA rule changes", "modified": "2012-04-22T12:00:45Z", "created": "2012-04-22T12:00:45Z", "authors": [3], "buy_print": "", "buy_digital": "", "issue": 166, "page": 7}}, {"pk": 3490, "model": "periodicals.article", "fields": {"read_online": "", "slug": "serpentines-front-and-rear-crosses", "description": "", "tags": "courses, exercises, front cross, rear cross, serpentine", "series": "Backyard Dogs", "image": "", "title": "Serpentines, Front and Rear Crosses", "modified": "2012-04-22T12:02:55Z", "created": "2012-04-22T12:02:55Z", "authors": [49], "buy_print": "", "buy_digital": "", "issue": 166, "page": 8}}, {"pk": 3491, "model": "periodicals.article", "fields": {"read_online": "", "slug": "how-to-train-the-long-jump", "description": "Performing the long jump (a.k.a.\r\nbroad jump) is required in AKC\r\nNovice and USDAA Steeplechase\r\nclasses, yet it is often undertrained.\r\nHere\u2019s a simple start-tofinish\r\ntraining plan for the long\r\njump.", "tags": "broad jump, training", "series": "Training", "image": "", "title": "How to Train the Long Jump", "modified": "2012-04-22T16:30:29Z", "created": "2012-04-22T16:30:29Z", "authors": [5], "buy_print": "", "buy_digital": "", "issue": 166, "page": 12}}, {"pk": 3492, "model": "periodicals.article", "fields": {"read_online": "", "slug": "you-know-your-dog-is-aggressive-if-part-1", "description": "Agility is fun, exhilarating, and\r\nexciting. But that shouldn\u2019t preclude\r\ngood manners and calm,\r\nfocused behaviors at all times.\r\nDogs that have an \u201cedge\u201d or that\r\nare over-the-top at agility class\r\nor trials, lunging and barking at\r\ndogs or people, need foundation\r\nbehaviors to help them\r\nsucceed in agility and in life.", "tags": "aggression behavior training", "series": "Dealing with Aggression in the Performance Dog", "image": "", "title": "You Know Your Dog Is Aggressive If... Part 1", "modified": "2012-04-22T16:35:50Z", "created": "2012-04-22T16:34:55Z", "authors": [493], "buy_print": "", "buy_digital": "", "issue": 166, "page": 20}}, {"pk": 3493, "model": "periodicals.article", "fields": {"read_online": "", "slug": "the-long-jump", "description": "Need some training ideas for maintaining your\r\ndog\u2019s agility skills? This series presents a maintenance\r\nprogram that is easy to implement and\r\nthat is designed to accomplish a great deal in\r\nshort sessions. This month focuses on long/\r\nbroad jump behaviors.", "tags": "broad jump, spread, training", "series": "Train to Maintain", "image": "", "title": "The Long Jump", "modified": "2012-04-22T16:37:36Z", "created": "2012-04-22T16:36:51Z", "authors": [5], "buy_print": "", "buy_digital": "", "issue": 166, "page": 27}}, {"pk": 3494, "model": "periodicals.article", "fields": {"read_online": "", "slug": "a-review-of-canine-cruciate-disease-part-2", "description": "Cranial cruciate ligament (CCL) deficiency is\r\nthe most common cause of hind limb lameness\r\nin the canine. In the second article of this twopart\r\nseries, we explore treatment of the disease.", "tags": "disease health injury", "series": "Dog and Handler Health", "image": "", "title": "A Review of Canine Cruciate Disease, Part 2", "modified": "2012-04-22T18:48:22Z", "created": "2012-04-22T16:51:13Z", "authors": [491, 471, 459], "buy_print": "", "buy_digital": "", "issue": 166, "page": 31}}, {"pk": 3495, "model": "periodicals.article", "fields": {"read_online": "", "slug": "cue-7-verbal-left-and-right-cues-part-2", "description": "We continue to explore turning the dog with\r\nverbal cues. Physical cues are successful when\r\nyou\u2019re in the correct position to execute them.\r\nBut if you are often caught far enough behind\r\nyour dog that you can no longer influence him\r\nwith physical cues, then you should train your\r\ndog to turn when he hears a verbal command\r\nsuch as Left, Right, or Turn.", "tags": "cues directionals training verbals", "series": "It's Your Turn!", "image": "", "title": "Cue #7: Verbal Left and Right Cues, Part 2", "modified": "2012-04-22T18:51:28Z", "created": "2012-04-22T18:49:44Z", "authors": [238], "buy_print": "", "buy_digital": "", "issue": 166, "page": 38}}, {"pk": 3496, "model": "periodicals.article", "fields": {"read_online": "", "slug": "complications-for-weave-entries", "description": "", "tags": "courses exercises weaves", "series": "Nested Courses for a Small Universe", "image": "", "title": "Complications for weave entries", "modified": "2012-04-22T18:52:45Z", "created": "2012-04-22T18:52:45Z", "authors": [9], "buy_print": "", "buy_digital": "", "issue": 166, "page": 43}}, {"pk": 3497, "model": "periodicals.article", "fields": {"read_online": "", "slug": "short-courses-and-drills", "description": "In this month\u2019s setup you have ample opportunities\r\nto practice your Go On cues up or down a\r\nline of jumps as well as straight-ahead sends out\r\nof straight tunnels.", "tags": "270 courses exercises sends", "series": "Power Paws Drills", "image": "", "title": "Short Courses and Drills", "modified": "2012-04-22T18:55:15Z", "created": "2012-04-22T18:55:15Z", "authors": [32], "buy_print": "", "buy_digital": "", "issue": 166, "page": 45}}, {"pk": 3498, "model": "periodicals.article", "fields": {"read_online": "", "slug": "the-perfect-table-part-2", "description": "One thing that makes the table so\r\nchallenging is many dogs appear to\r\ndo the table perfectly at home, yet\r\nthey have terrible table performances\r\nat a trial. How can you train past something\r\nthat only happens in the heat of\r\na trial? This month we\u2019ll show you.", "tags": "table training", "series": "When Pigs Fly", "image": "", "title": "The Perfect Table, Part 2", "modified": "2012-04-22T18:56:28Z", "created": "2012-04-22T18:56:28Z", "authors": [48], "buy_print": "", "buy_digital": "", "issue": 166, "page": 50}}, {"pk": 3499, "model": "periodicals.article", "fields": {"read_online": "", "slug": "touch-n-go-strategy-and-tips", "description": "Touch N Go is a NADAC game\r\nwhere the course consists of \u201ctouch\u201d\r\nobstacles (A-frame and dogwalk) and\r\n\u201cgo\u201d obstacles (tunnels and hoops).\r\nChallenges come from performance of\r\nthe obstacles themselves, obstacle discrimination,\r\noff-course potential, and\r\nbasic handling.", "tags": "NADAC, handling, strategy, touch n go", "series": "NADAC Games & Course Strategy", "image": "", "title": "Touch N Go Strategy and Tips", "modified": "2012-04-22T18:59:43Z", "created": "2012-04-22T18:59:43Z", "authors": [465], "buy_print": "", "buy_digital": "", "issue": 166, "page": 57}}, {"pk": 3500, "model": "periodicals.article", "fields": {"read_online": "", "slug": "hailey-mcbean", "description": "While many competitors dream of earning\r\ntitles, animal shelters continue to house dogs\r\nthat were relinquished because they are too\r\nenergetic, too smart, or too busy for most pet\r\nhomes. Many of these dogs are great agility\r\nprospects. This month, meet Hailey McBean,\r\na Catahoula Leopard Dog.", "tags": "", "series": "Shelter Champs", "image": "", "title": "Hailey McBean", "modified": "2012-04-22T19:01:01Z", "created": "2012-04-22T19:01:01Z", "authors": [34], "buy_print": "", "buy_digital": "", "issue": 166, "page": 63}}, {"pk": 3501, "model": "periodicals.article", "fields": {"read_online": "", "slug": "2-x-2s-arent-just-for-the-backyard-training-with-the-2-x-2-method-in-group-agility-classes", "description": "Weave pole training with 2 x 2s\r\nis an incredibly effective method\r\nfor teaching dogs to weave\r\nin the comfort of your backyard,\r\nbut this training method can\r\nalso work in group agility classes.\r\nHere are some suggestions\r\nfor using 2 x 2s in your classes.", "tags": "2x2 classes training weaves", "series": "Training", "image": "", "title": "2 x 2s Aren\u2019t Just for the Backyard: Training with the 2 x 2 Method in Group Agility Classes", "modified": "2012-04-22T19:03:17Z", "created": "2012-04-22T19:02:06Z", "authors": [37], "buy_print": "", "buy_digital": "", "issue": 166, "page": 67}}, {"pk": 3502, "model": "periodicals.article", "fields": {"read_online": "", "slug": "secondary-reinforcement-in-agility", "description": "Sometimes you can\u2019t reward\r\nyour dog immediately. In these\r\ncases, you can teach the dog\r\nthat something you can give\r\nhim immediately represents\r\nsomething that he naturally\r\nwants.", "tags": "reinforcement reinforcers training", "series": "Pup Psych 101", "image": "", "title": "Secondary Reinforcement in Agility", "modified": "2012-04-22T19:05:27Z", "created": "2012-04-22T19:05:27Z", "authors": [477], "buy_print": "", "buy_digital": "", "issue": 166, "page": 73}}, {"pk": 3503, "model": "periodicals.article", "fields": {"read_online": "", "slug": "lateral-distance", "description": "There are two types of lateral distance work.\r\nThe first is using an Out command to push\r\nthe dog away from you, indicating that you\r\nwant him to change his path. The other is using\r\nthe Go command to keep him on his path at a\r\ndistance. Learn how to teach both skills.", "tags": "distance out training", "series": "Work That Line!", "image": "", "title": "Lateral Distance", "modified": "2012-04-22T19:06:51Z", "created": "2012-04-22T19:06:51Z", "authors": [90], "buy_print": "", "buy_digital": "", "issue": 166, "page": 76}}, {"pk": 3504, "model": "periodicals.article", "fields": {"read_online": "", "slug": "dealing-with-those-confounding-conflicts", "description": "Entering more than one dog in a trial\r\nmeans more fun, but it also means possible\r\nring con\u001e icts. The need to be in\r\ntwo places at once causes major stress\r\nfor some handlers. Here are some suggestions\r\non handling ring con\u001e icts.", "tags": "trialing", "series": "Miscellaneous", "image": "", "title": "Dealing with those Confounding Conflicts", "modified": "2012-04-22T19:08:06Z", "created": "2012-04-22T19:08:06Z", "authors": [3], "buy_print": "", "buy_digital": "", "issue": 166, "page": 79}}, {"pk": 3505, "model": "periodicals.article", "fields": {"read_online": "", "slug": "agility-organization-leaders-part-1", "description": "Many competitors don't know anything about the people who help organize and orchestrate most aspects of this well-loved sport. This month you'll meet Sharon Nelson (NADAC) and Ken Tatsch (USDAA).", "tags": "NADAC USDAA", "series": "Everything You Always Wanted to Know About Dog Agility", "image": "", "title": "Agility Organization Leaders, Part 1", "modified": "2012-08-27T17:28:39Z", "created": "2012-08-27T17:28:39Z", "authors": [3], "buy_print": "", "buy_digital": "", "issue": 168, "page": 11}}, {"pk": 3506, "model": "periodicals.article", "fields": {"read_online": "", "slug": "ready-set-trial", "description": "Whether your goal is to earn a few ribbons or a championship title, you owe it to yourself and your teammate to set yourself up for success before stepping into the ring for the first time.", "tags": "mental preparation, training, trialing", "series": "Training", "image": "", "title": "Ready, Set, Trial!", "modified": "2012-08-27T17:43:45Z", "created": "2012-08-27T17:28:39Z", "authors": [487], "buy_print": "", "buy_digital": "", "issue": 168, "page": 21}}, {"pk": 3507, "model": "periodicals.article", "fields": {"read_online": "", "slug": "nadac-chances-strategy-and-tips", "description": "Chances is a game where most, or all, of the course must be handled from within a restricted area and within a fixed amount of time. Here are some tips for training necessary skills and planning a handling strategy.", "tags": "NADAC chances gamblers training", "series": "NADAC Games & Course Strategy", "image": "", "title": "NADAC Chances Strategy and Tips", "modified": "2012-08-27T17:44:16Z", "created": "2012-08-27T17:28:39Z", "authors": [465], "buy_print": "", "buy_digital": "", "issue": 168, "page": 72}}, {"pk": 3508, "model": "periodicals.article", "fields": {"read_online": "", "slug": "work-that-line-how-to-plan-the-perfect-gamble", "description": "Once you and your dog have a good understanding of the various directional commands discussed in past articles in this series, the next step is working on gambles themselves.", "tags": "gamblers training", "series": "Training", "image": "", "title": "Work that Line! How to Plan the Perfect Gamble", "modified": "2012-08-27T17:44:41Z", "created": "2012-08-27T17:28:39Z", "authors": [90], "buy_print": "", "buy_digital": "", "issue": 168, "page": 15}}, {"pk": 3509, "model": "periodicals.article", "fields": {"read_online": "", "slug": "challenges-for-rising-stars-2", "description": "You should be able to put your dog into a tunnel, either in obstacle focus or handler focus, and have the dog come out with the same focus. These exercises will help you work on that skill.", "tags": "focus training tunnel", "series": "Training", "image": "", "title": "Challenges for Rising Stars", "modified": "2012-08-27T17:45:25Z", "created": "2012-08-27T17:28:39Z", "authors": [128], "buy_print": "", "buy_digital": "", "issue": 168, "page": 24}}, {"pk": 3510, "model": "periodicals.article", "fields": {"read_online": "", "slug": "you-know-your-dog-is-aggressive-if-part-3", "description": "Once you have the dog's foundation behaviors trained, it's time to concentrate on your skills. You are going to work on reacting quickly and not freezing, being proactive rather than reactive, and practicing positive mental imagery.", "tags": "aggression training", "series": "Dealing with Aggression in the Performance Dog", "image": "", "title": "You Know Your Dog Is Aggressive If... Part 3", "modified": "2012-08-27T17:42:34Z", "created": "2012-08-27T17:33:43Z", "authors": [494], "buy_print": "", "buy_digital": "", "issue": 168, "page": 30}}, {"pk": 3511, "model": "periodicals.article", "fields": {"read_online": "", "slug": "sequence-from-large-dog-jumpers", "description": "This month's drills are inspired by the courses the AKC/USA team ran at the 2010 FCI Agility World Championships in Germany, and specifically, a sequence from judge Nalle Jansson's Large Dog Individual Jumpers course. It was both an interesting and challenging course.", "tags": "AKC FCI courses exercises jumpers", "series": "Power Paws Drills", "image": "", "title": "Sequence from Large Dog Jumpers", "modified": "2012-08-27T17:43:08Z", "created": "2012-08-27T17:33:43Z", "authors": [32], "buy_print": "", "buy_digital": "", "issue": 168, "page": 35}}, {"pk": 3512, "model": "periodicals.article", "fields": {"read_online": "", "slug": "training-2", "description": "Does your dog hate repetition in training? Get easily distracted? Or shut down as soon as he thinks he's wrong or as soon as you make a mistake? There is a way to achieve focus, drive, and desire in virtually all dogs without having the best reinforcers or the best handling skills.", "tags": "drive focus training", "series": "The Secret to Focus, Drive, and Desire", "image": "", "title": "Training", "modified": "2012-08-27T17:39:44Z", "created": "2012-08-27T17:35:04Z", "authors": [53], "buy_print": "", "buy_digital": "", "issue": 168, "page": 58}}, {"pk": 3513, "model": "periodicals.article", "fields": {"read_online": "", "slug": "learning-to-love-the-teeter", "description": "Despite all the great resources and advancements in agility training, many teams still find it difficult to put together a reliable teeter performance. To be successful with the teeter, you need to focus on training the dog's entire performance, not just the obstacle.", "tags": "teeter training", "series": "When Pigs Fly", "image": "", "title": "Learning to Love the Teeter", "modified": "2012-08-27T17:40:07Z", "created": "2012-08-27T17:35:04Z", "authors": [48], "buy_print": "", "buy_digital": "", "issue": 168, "page": 39}}, {"pk": 3514, "model": "periodicals.article", "fields": {"read_online": "", "slug": "team-standard-course", "description": "Regional tournament events draw top competitors, and the course designs for these events are generally quite challenging. Elements from these courses are frequently inspiration for judges and often set trends in course design at the local level. This month's sequence is taken from the USDAA Team Standard course at the Rocky Mountain Regional held in Farmington, Utah in June 2010.", "tags": "USDAA, course analysis, exercises, training", "series": "Can You Handle It?", "image": "", "title": "Team Standard Course", "modified": "2012-08-27T17:40:50Z", "created": "2012-08-27T17:35:04Z", "authors": [41], "buy_print": "", "buy_digital": "", "issue": 168, "page": 46}}, {"pk": 3515, "model": "periodicals.article", "fields": {"read_online": "", "slug": "combining-turn-cues", "description": "Now that you've learned the seven turn cues, it's time to put the turns together and have some fun creating turn-cue combinations. Combining the turn cues is the next step in perfecting your turn-cue communication with your dog. The combos can also help you perfect your footwork and make your timing more consistent.", "tags": "cues training turns", "series": "It's Your Turn!", "image": "", "title": "Combining Turn Cues", "modified": "2012-08-27T17:41:20Z", "created": "2012-08-27T17:35:04Z", "authors": [238], "buy_print": "", "buy_digital": "", "issue": 168, "page": 50}}, {"pk": 3516, "model": "periodicals.article", "fields": {"read_online": "", "slug": "instructional-techniques-for-working-with-adult-learners", "description": "Since most agility students are well into adulthood, it is important for instructors to understand how to best work with adult learners. Here are some techniques that will help you get your point across to your students.", "tags": "teaching training", "series": "What's Your Point?", "image": "", "title": "Instructional Techniques for Working with Adult Learners.", "modified": "2012-08-27T17:41:54Z", "created": "2012-08-27T17:35:04Z", "authors": [37], "buy_print": "", "buy_digital": "", "issue": 168, "page": 63}}, {"pk": 3517, "model": "periodicals.article", "fields": {"read_online": "", "slug": "how-do-you-decide-what-information-in-clean-run-is-relevant-to-you", "description": "There is a lot of information in the magazine. How do you evaluate each article (and all the other information that comes your way) so you can choose methods that are compatible with your mindset, your lifestyle, your training and handling, and your dog?", "tags": "", "series": "Critical Thinking Skills", "image": "", "title": "How Do You Decide What Information in Clean Run Is Relevant to You?", "modified": "2012-08-27T17:35:05Z", "created": "2012-08-27T17:35:04Z", "authors": [485], "buy_print": "", "buy_digital": "", "issue": 168, "page": 68}}, {"pk": 3518, "model": "periodicals.article", "fields": {"read_online": "", "slug": "early-spay-and-neuter-in-dogs-a-discussion-of-the-medical-issues", "description": "Early spay and neuter has become a hot topic in the agility world. You hear horror stories about what can happen if you do spay your dog at six months and stories about what can happen if you wait too long. What to believe?", "tags": "health medicine", "series": "Health", "image": "", "title": "Early Spay and Neuter in Dogs: A Discussion of the Medical Issues", "modified": "2012-08-27T17:39:20Z", "created": "2012-08-27T17:35:05Z", "authors": [6], "buy_print": "", "buy_digital": "", "issue": 168, "page": 79}}, {"pk": 3544, "model": "periodicals.article", "fields": {"read_online": "", "slug": "hip-dysplasia-in-puppies", "description": "Canine hip dysplasia (CHD) is one of the most common orthopedic diseases of medium- and large-breed dogs. It can lead to pain, arthritis, and decreased quality of life. There are many treatment options for CHD as well as preventive measures that can be taken.", "tags": "arthritis disease dysplasia health pain", "series": "Health", "image": "", "title": "Hip Dysplasia in Puppies", "modified": "2012-09-01T14:54:08Z", "created": "2012-09-01T12:51:33Z", "authors": [495], "buy_print": "", "buy_digital": "", "issue": 167, "page": 48}}, {"pk": 3545, "model": "periodicals.article", "fields": {"read_online": "", "slug": "the-redirect", "description": "The final skill for your Gamblers work is teaching your dog the redirect. This cue is the most complex of the directional skills that you\u2019ll teach your dog. Essentially, the redirect is a rear cross done at a distance, but you don\u2019t actually cross behind your dog or the obstacle.", "tags": "cross, distance, gamblers, rear cross, training", "series": "Work That Line!", "image": "", "title": "The Redirect", "modified": "2012-09-01T14:53:52Z", "created": "2012-09-01T12:51:33Z", "authors": [90], "buy_print": "", "buy_digital": "", "issue": 167, "page": 62}}, {"pk": 3546, "model": "periodicals.article", "fields": {"read_online": "", "slug": "married-to-agility", "description": "Spouses who do agility together have mostly good things to say about sharing their agility passion. Most agility couples train, travel, and trial together, and they think doing so has some major advantages. But there can also be a few challenges to coupling up for agility.", "tags": "travel", "series": "Miscellaneous", "image": "", "title": "Married to Agility", "modified": "2012-09-01T14:53:29Z", "created": "2012-09-01T12:51:33Z", "authors": [3], "buy_print": "", "buy_digital": "", "issue": 167, "page": 77}}, {"pk": 3547, "model": "periodicals.article", "fields": {"read_online": "", "slug": "use-an-agility-trial-journal-to-get-the-most-from-every-run", "description": "You can use an agility journal not only to track your performance, but also to plan handling strategies and warm-up routines for your dog, develop homework to improve skills, and even practice course analysis and game strategy skills.", "tags": "course analysis, handling, practice, strategy, trialing", "series": "Trialing", "image": "", "title": "Use an Agility Trial Journal to Get the Most from Every Run", "modified": "2012-09-01T16:03:02Z", "created": "2012-09-01T12:51:33Z", "authors": [482], "buy_print": "", "buy_digital": "", "issue": 167, "page": 20}}, {"pk": 3548, "model": "periodicals.article", "fields": {"read_online": "", "slug": "weave-entrances", "description": "Need some training ideas for maintaining your dog\u2019s agility skills? This series presents a maintenance program that is easy to implement and that is designed to accomplish a great deal in short sessions. This month focuses on weave entries.", "tags": "focus training weaves", "series": "Train to Maintain", "image": "", "title": "Weave Entrances", "modified": "2012-09-01T15:08:37Z", "created": "2012-09-01T12:51:33Z", "authors": [5], "buy_print": "", "buy_digital": "", "issue": 167, "page": 34}}, {"pk": 3549, "model": "periodicals.article", "fields": {"read_online": "", "slug": "akc-excellent-standard-course", "description": "Three handlers with different styles of handling analyze the same course and share their handling strategies. This month they look at an AKC Excellent Standard course by judge Deidre Crofton.", "tags": "AKC handler handling judge standard", "series": "What\u2019s My Plan?", "image": "", "title": "AKC Excellent Standard Course", "modified": "2012-09-01T12:51:33Z", "created": "2012-09-01T12:51:33Z", "authors": [46, 65, 13], "buy_print": "", "buy_digital": "", "issue": 167, "page": 12}}, {"pk": 3550, "model": "periodicals.article", "fields": {"read_online": "", "slug": "tunnel-contact-discriminations", "description": "These exercises are about learning to execute tunnel/contact discriminations at speed and learning to thoughtfully direct the dog through a short technical sequence at either end of the discrimination.", "tags": "ISC discriminations exercises speed tunnel", "series": "Challenges at CR Central", "image": "", "title": "Tunnel Contact Discriminations", "modified": "2012-09-01T12:54:54Z", "created": "2012-09-01T12:51:33Z", "authors": [460], "buy_print": "", "buy_digital": "", "issue": 167, "page": 24}}, {"pk": 3551, "model": "periodicals.article", "fields": {"read_online": "", "slug": "part-2", "description": "Agility is fun, exhilarating, and exciting. But that shouldn\u2019t preclude good manners and calm, focused behavior at all times. Dogs that have an \u201cedge\u201d or that are over-the-top at agility class or trials, lunging and barking at dogs or people, need foundation behaviors to help them succeed in agility and in life. Here\u2019s how to teach those behaviors.\\", "tags": "behavior focus foundation", "series": "You Know Your Dog Is Aggressive If...", "image": "", "title": "Part 2", "modified": "2012-09-01T12:55:06Z", "created": "2012-09-01T12:51:33Z", "authors": [494], "buy_print": "", "buy_digital": "", "issue": 167, "page": 28}}, {"pk": 3552, "model": "periodicals.article", "fields": {"read_online": "", "slug": "european-open", "description": "Top competitors from over 30 nations, including the U.S., commit to attend the European Open each year, rain or shine. You wouldn\u2019t necessarily think rain on a late July weekend in Europe, but that\u2019s exactly what confronted dogs and handlers in Liberec, Czech Republic.", "tags": "course analysis, european open, exercises", "series": "Can You Handle It?", "image": "", "title": "European Open", "modified": "2012-09-01T12:56:15Z", "created": "2012-09-01T12:51:33Z", "authors": [147], "buy_print": "", "buy_digital": "", "issue": 167, "page": 42}}, {"pk": 3553, "model": "periodicals.article", "fields": {"read_online": "", "slug": "training-exercises-focusing-on-distance-work", "description": "", "tags": "distance exercises training", "series": "Skill of the Month", "image": "", "title": "Training exercises focusing on distance work.", "modified": "2012-09-01T14:50:54Z", "created": "2012-09-01T12:51:33Z", "authors": [4], "buy_print": "", "buy_digital": "", "issue": 167, "page": 58}}, {"pk": 3554, "model": "periodicals.article", "fields": {"read_online": "", "slug": "nested-standard-course", "description": "A Standard agility nested training course for multiple levels.", "tags": "courses exercises standard training", "series": "Nested Courses for a Small Universe", "image": "", "title": "Nested Standard course.", "modified": "2012-09-01T14:51:20Z", "created": "2012-09-01T12:51:33Z", "authors": [9], "buy_print": "", "buy_digital": "", "issue": 167, "page": 74}}, {"pk": 3555, "model": "periodicals.article", "fields": {"read_online": "", "slug": "developing-training-plans-for-students", "description": "Training for agility without a plan is like baking without a recipe. As instructors, we need to impress upon our students the importance of having a plan. We also need to help students develop that plan, and then support and motivate them as they implement the plan.", "tags": "instructors training", "series": "Get with the Plan:", "image": "", "title": "Developing Training Plans for Students", "modified": "2012-09-01T14:51:46Z", "created": "2012-09-01T12:51:33Z", "authors": [37], "buy_print": "", "buy_digital": "", "issue": 167, "page": 52}}, {"pk": 3556, "model": "periodicals.article", "fields": {"read_online": "", "slug": "applying-sally-swifts-centered-riding-techniques-to-dog-agility", "description": "Do you get stage fright in the ring or have trouble with ring nerves? Learn how to apply Centered Riding principles to agility. It will help with your mental game and increase your confidence and clarity in competition.", "tags": "confidence training trialing", "series": "Centered Dog Agility:", "image": "", "title": "Applying Sally Swift\u2019s Centered Riding Techniques to Dog Agility", "modified": "2012-09-01T12:53:53Z", "created": "2012-09-01T12:51:33Z", "authors": [496], "buy_print": "", "buy_digital": "", "issue": 167, "page": 67}}, {"pk": 3557, "model": "periodicals.article", "fields": {"read_online": "", "slug": "three-options-for-training-problems", "description": "", "tags": "training", "series": "Tip of the Month", "image": "", "title": "Three options for training problems", "modified": "2012-09-01T15:06:37Z", "created": "2012-09-01T15:06:37Z", "authors": [238], "buy_print": "", "buy_digital": "", "issue": 167, "page": 6}}, {"pk": 3558, "model": "periodicals.article", "fields": {"read_online": "", "slug": "qualifying-for-usdaa-cynosports-and-uki-agility", "description": "", "tags": "UKI USDAA cynosports", "series": "Everything You Always Wanted to Know About Agility", "image": "", "title": "Qualifying for USDAA Cynosports and UKI Agility", "modified": "2012-09-01T15:07:34Z", "created": "2012-09-01T15:06:37Z", "authors": [3], "buy_print": "", "buy_digital": "", "issue": 167, "page": 7}}, {"pk": 3559, "model": "periodicals.article", "fields": {"read_online": "", "slug": "teaching-responsibility-for-finding-jumps", "description": "Training exercises focusing on teaching the dog responsibility for finding jumps.", "tags": "exercises jumps training", "series": "Backyard Dogs", "image": "", "title": "Teaching responsibility for finding jumps.", "modified": "2012-09-01T15:08:08Z", "created": "2012-09-01T15:06:37Z", "authors": [128], "buy_print": "", "buy_digital": "", "issue": 167, "page": 8}}, {"pk": 3560, "model": "periodicals.article", "fields": {"read_online": "", "slug": "handling-games-to-get-students-thinking-and-having-fun", "description": "Rather than always doing the same thing in your agility classes, shake things up a bit by playing games that are designed to get students thinking outside the box and get them involved in class.", "tags": "classes games handling instruction play", "series": "Instructing Outside the Box", "image": "", "title": "Handling Games to Get Students Thinking and Having Fun", "modified": "2012-09-01T16:07:50Z", "created": "2012-09-01T15:43:31Z", "authors": [37], "buy_print": "", "buy_digital": "", "issue": 169, "page": 60}}, {"pk": 3561, "model": "periodicals.article", "fields": {"read_online": "", "slug": "nadac-tunnelers-strategy-and-tips", "description": "Tunnelers is a NADAC game where teams run a course consisting of tunnels, tunnels, and more tunnels. While we\u2019ll discuss game-specific strategy in this article, we\u2019ll also look at strategies for handling and training tunnels that can be applied to any agility course that includes tunnels.", "tags": "NADAC games handling strategy training tunnels", "series": "NADAC Games & Course Strategy", "image": "", "title": "NADAC Tunnelers Strategy and Tips", "modified": "2012-09-01T16:08:16Z", "created": "2012-09-01T15:43:31Z", "authors": [465], "buy_print": "", "buy_digital": "", "issue": 169, "page": 66}}, {"pk": 3562, "model": "periodicals.article", "fields": {"read_online": "", "slug": "when-is-enough-enough", "description": "When a dog has an injury, at what point do you look in the mirror and ask yourself who you\u2019re really doing agility for? Does your dog really care if he only needs one more Double-Q for a MACH5? And does earning that title change your relationship with your dog? If a dog needs medication for pain, then he does not need to be trialing.", "tags": "injury pain trialing", "series": "Editorializing", "image": "", "title": "When Is Enough Enough?", "modified": "2012-09-01T16:07:17Z", "created": "2012-09-01T15:54:04Z", "authors": [497], "buy_print": "", "buy_digital": "", "issue": 169, "page": 5}}, {"pk": 3563, "model": "periodicals.article", "fields": {"read_online": "", "slug": "seras-story-musings-from-an-agility-journey", "description": "All of us have to face that our dog\u2019s agility career is going to end. But how do we know when it\u2019s time? Maybe when it\u2019s time, the moment will present itself; so perhaps it\u2019s better to focus on the journey and day-to-day living.", "tags": "health", "series": "Health", "image": "", "title": "Sera\u2019s Story: Musings from An Agility Journey", "modified": "2012-09-01T16:07:07Z", "created": "2012-09-01T15:55:06Z", "authors": [498], "buy_print": "", "buy_digital": "", "issue": 169, "page": 72}}, {"pk": 3564, "model": "periodicals.article", "fields": {"read_online": "", "slug": "early-takeoff-a-program-for-managing-the-problem", "description": "There are no fixes for early takeoff problems. But with hard work and going back to square one with foundation jumping grids, you can manage the problem and increase the dog\u2019s confidence, making the game of agility fun again for both handler and dog.", "tags": "confidence foundation jumping training", "series": "Training", "image": "", "title": "Early Takeoff: A Program for Managing the Problem", "modified": "2012-09-01T16:06:41Z", "created": "2012-09-01T15:55:53Z", "authors": [35], "buy_print": "", "buy_digital": "", "issue": 169, "page": 38}}, {"pk": 3565, "model": "periodicals.article", "fields": {"read_online": "", "slug": "repairing-stuffable-jackpot-toys", "description": "", "tags": "jackpot toys", "series": "Tip of the Month", "image": "", "title": "Repairing stuffable jackpot toys.", "modified": "2012-09-01T16:00:51Z", "created": "2012-09-01T15:57:54Z", "authors": [499], "buy_print": "", "buy_digital": "", "issue": 169, "page": 6}}, {"pk": 3566, "model": "periodicals.article", "fields": {"read_online": "", "slug": "qualifying-rates-in-organizations", "description": "Discussion of AKC, USDAA, NADAC, ASCA, DOCNA, TDAA, CKC, AAC qualifying rates.", "tags": "AAC AKC ASCA CKC DOCNA NADAC TDAA USDAA", "series": "Everything You Always Wanted to Know About Agility", "image": "", "title": "Qualifying rates in organizations.", "modified": "2012-09-01T16:01:21Z", "created": "2012-09-01T15:57:54Z", "authors": [3], "buy_print": "", "buy_digital": "", "issue": 169, "page": 7}}, {"pk": 3567, "model": "periodicals.article", "fields": {"read_online": "", "slug": "a-favorite-setup", "description": "This basic setup is great for working on your dog's responsiveness to your handling.", "tags": "exercises handling training", "series": "Backyard Dogs", "image": "", "title": "A Favorite Setup", "modified": "2012-09-01T16:06:23Z", "created": "2012-09-01T15:57:54Z", "authors": [5], "buy_print": "", "buy_digital": "", "issue": 169, "page": 8}}, {"pk": 3568, "model": "periodicals.article", "fields": {"read_online": "", "slug": "balance-in-training-2", "description": "Balance in agility training is important. Not only do you need balance in the actual behaviors that you work on with your dog, but you also need balance in the philosophical way that you approach dog training and agility in particular.", "tags": "balance behavior training", "series": "Training", "image": "", "title": "Balance in Training", "modified": "2012-09-01T16:12:37Z", "created": "2012-09-01T16:10:27Z", "authors": [485], "buy_print": "", "buy_digital": "", "issue": 169, "page": 12}}, {"pk": 3569, "model": "periodicals.article", "fields": {"read_online": "", "slug": "part-4", "description": "Once you have built your foundation skills to a high level, you can add them into your daily life. Here are the most common ways to set up desensitization sessions for you and your dog.", "tags": "aggression foundation training", "series": "You Know Your Dog Is Aggressive If...", "image": "", "title": "Part 4", "modified": "2012-09-01T16:12:57Z", "created": "2012-09-01T16:10:27Z", "authors": [494], "buy_print": "", "buy_digital": "", "issue": 169, "page": 22}}, {"pk": 3570, "model": "periodicals.article", "fields": {"read_online": "", "slug": "weave-pole-entries-and-exits-2", "description": "Weave pole foundation training often neglects to thoroughly test a dog\u2019s understanding of entries early in the process. Instant recognition of entries at speed, given any circumstance or set of variables, should be trained and tested long before a dog is weaving 6 or 12 poles. These drills all have challenging weave pole entries and exits.", "tags": "foundation speed training weaves", "series": "Challenges at CR Central", "image": "", "title": "Weave Pole Entries and Exits", "modified": "2012-09-01T16:13:22Z", "created": "2012-09-01T16:10:27Z", "authors": [460], "buy_print": "", "buy_digital": "", "issue": 169, "page": 16}}, {"pk": 3571, "model": "periodicals.article", "fields": {"read_online": "", "slug": "switching-obstacle-and-handler-focus", "description": "This month\u2019s exercises concentrate on the handler\u2019s and dog\u2019s ability to rapidly shift from obstacle focus to handler focus multiple times. They also provide the freedom for handlers to create their own courses rather than dictating a set exercise pattern.", "tags": "courses exercises focus handler training", "series": "Challenges for Rising Stars", "image": "", "title": "Switching Obstacle and Handler Focus", "modified": "2012-09-01T16:11:14Z", "created": "2012-09-01T16:10:46Z", "authors": [128], "buy_print": "", "buy_digital": "", "issue": 169, "page": 30}}, {"pk": 3572, "model": "periodicals.article", "fields": {"read_online": "", "slug": "how-to-find-and-enter-trials", "description": "Finding and entering trials requires attention to detail and can be confusing for newcomers to the sport. Here we discuss the basics of finding and entering agility trials in the U.S.", "tags": "trialing", "series": "Ready, Set, Trial!", "image": "", "title": "How to Find and Enter Trials", "modified": "2012-09-01T16:11:30Z", "created": "2012-09-01T16:10:46Z", "authors": [487], "buy_print": "", "buy_digital": "", "issue": 169, "page": 45}}, {"pk": 3573, "model": "periodicals.article", "fields": {"read_online": "", "slug": "part-2-2", "description": "Many competitors don\u2019t know anything about the people who help organize and orchestrate most aspects of this well-loved sport. This month you\u2019ll meet Linda Eickholdt (CPE), Jim and Mary Kay Mills (DOCNA), Laura Derrett (UKI), and Carrie DeYoung (AKC).", "tags": "AKC CPE DOCNA UKI", "series": "Agility Organization Leaders", "image": "", "title": "Part 2", "modified": "2012-09-01T16:11:47Z", "created": "2012-09-01T16:10:46Z", "authors": [3], "buy_print": "", "buy_digital": "", "issue": 169, "page": 53}}, {"pk": 3574, "model": "periodicals.article", "fields": {"read_online": "", "slug": "panic", "description": "While many competitors dream of earning titles, animal shelters continue to house dogs that were relinquished because they are too energetic, too smart, or too busy for most pet homes. Many of these dogs are great agility prospects. This month, meet Panic, a mixed breed dog.", "tags": "", "series": "Shelter Champs", "image": "", "title": "Panic", "modified": "2012-09-01T16:12:03Z", "created": "2012-09-01T16:10:46Z", "authors": [34], "buy_print": "", "buy_digital": "", "issue": 169, "page": 78}}, {"pk": 3575, "model": "periodicals.article", "fields": {"read_online": "", "slug": "how-overtraining-affects-us-and-our-dogs", "description": "Too much training can decrease athletic performance and cause physical and mental stress as well as injuries in both humans and dogs. Learn how to avoid overtraining so that you and your dog can compete at your best and also enjoy what you\u2019re doing.", "tags": "health stress training", "series": "Training", "image": "", "title": "How Overtraining Affects Us and Our Dogs", "modified": "2012-09-01T16:12:20Z", "created": "2012-09-01T16:10:46Z", "authors": [7], "buy_print": "", "buy_digital": "", "issue": 169, "page": 47}}, {"pk": 3576, "model": "periodicals.article", "fields": {"read_online": "", "slug": "aspiration-versus-expectation", "description": "Can you tell the difference between aspiration and expectation? One is a harmful distraction and the other is about realizing your team's full potential.", "tags": "motivation trailing", "series": "Editorializing", "image": "", "title": "Aspiration versus Expectation", "modified": "2012-09-01T16:22:05Z", "created": "2012-09-01T16:20:08Z", "authors": [500], "buy_print": "", "buy_digital": "", "issue": 168, "page": 5}}, {"pk": 3577, "model": "periodicals.article", "fields": {"read_online": "", "slug": "rubberizing-home-contact-equipment", "description": "", "tags": "equipment", "series": "Tip of the Month", "image": "", "title": "\"Rubberizing\" home contact equipment.", "modified": "2012-09-01T16:23:27Z", "created": "2012-09-01T16:23:27Z", "authors": [76], "buy_print": "", "buy_digital": "", "issue": 168, "page": 6}}, {"pk": 3578, "model": "periodicals.article", "fields": {"read_online": "", "slug": "what-is-a-viaduct-jump", "description": "", "tags": "equipment jump", "series": "Everything You Always Wanted to Know About Agility", "image": "", "title": "What is a viaduct jump?", "modified": "2012-09-01T16:23:50Z", "created": "2012-09-01T16:23:27Z", "authors": [3], "buy_print": "", "buy_digital": "", "issue": 168, "page": 7}}, {"pk": 3579, "model": "periodicals.article", "fields": {"read_online": "", "slug": "tunnel-skills", "description": "Sending and picking up the dog out of the tunnel.", "tags": "courses exercises training tunnel", "series": "Backyard Dogs", "image": "", "title": "Tunnel Skills", "modified": "2012-09-01T16:24:06Z", "created": "2012-09-01T16:23:27Z", "authors": [49], "buy_print": "", "buy_digital": "", "issue": 168, "page": 8}}]